{"article": "Eran casi las diez de la noche del sábado en un parque acuático de Nueva Taipei, al norte de Taiwán, donde miles de personas disfrutaban de un concierto en el festival 'Color Play Asia'. Los cañones de humo lanzan polvo de color, cuando repentinamente los gritos de pánico de algunos de los asistentes avisan de que algo va mal. Una pequeña deflagración ha prendido la mecha. El polvo utilizado para animar la fiesta es inflamable. Y todos están completamente cubiertos de él. Los testigos narran cómo tras la explosión, en cuestión de segundos había surgido el caos y los jóvenes asistentes empezaron a correr y a empujarse. Algunos intentaban salir de la parte de atrás del escenario, donde habían quedado atrapados. Pero se convirtió en una ratonera sin salida. Porque en el momento en el que sus cuerpos tocaban cualquier chispa se convertían en \"antorchas\" humanas. Los servicios de emergencia entraron en escena y comienzaron a paliar las heridas provocadas por el fuego. Trasladaron a los quinientos dieciséis heridos a los hospitales cercanos, repartidos en más de 36. Entre los heridos, varios extranjeros y tres ciudadanos de la China continental. Ciento ochenta personas continúan a esta hora en estado grave. Las autoridades municipales han comenzado a investigar lo sucedido. Los cuatro organizadores del evento han sido detenidos y el parque de atracciones ha sido cerrado temporalmente. -Redacción-", "title": "Olimpiadas de Pekín 2008", "url": "http://www.abc.es/deportes/juegos-olimpicos/olimpiadas-de-pekin-2008/", "keywords": "noticias de Olimpiadas de Pekín 2008,Olimpiadas de Pekín 2008", "date": "2018-09-12", "id": "fcd165ddb245262c81f56c4bfc796d369b93f705", "summary": "La información más completa de Olimpiadas de Pekín 2008 en ABC.es. Descubre las últimas noticias, fotografías y vídeos sobre Olimpiadas de Pekín 2008 ¡Te contamos las últimas novedades!"}