{"article": "El nuevo director general de la DGT, Pere Navarro, ha prometido el cargo este miércoles 11 de... El consejero de Cultura, Turismo y Deportes de la Comunidad de Madrid, Jaime de los Santos, ha... Del 17 de junio al 13 de enero abrirán las grandes superficies Un total de siete provincias tienen este viernes, sábado y domingo aviso de riesgo (amarillo) por... El horario de los siete días de la semana se mantendrá durante seis meses hasta el 13 de enero de 2019 El secretario general de CCOO, Unai Sordo, ha afirmado que pedirá a la ministra de Trabajo y... La secretaria de Empleo y Cualificación Profesional de CC.OO., Lola Santillana, ha señalado este... Si haces clic sobre tu comunidad autónoma en el mapa superior, podrás ver el calendario con las fiestas nacionales, las de tu región y las de tu ayuntamiento29/05/2018 19:25h Laura Albor - Luis Cano Comentar El presidente en funciones de la Comunidad de Madrid, Ángel Garrido, ha acudido a las fiestas... Si hoy vienen a Madrid, esto es lo que se van a encontrar. Invasión de boinas y claveles en la... El presidente de Colombia, Juan Manuel Santos, se ha declarado dispuesto a aceptar la... El Gobierno regional acuerda el calendario escolar para el próximo curso tras debatir y consensuar su propuesta en los distintos órganos de participación La Empresa Municipal de Transportes de Madrid (EMT) ha abierto el Teleférico dos semanas completas... Huevo a huevo hasta 6.000. En el pueblo de Meis, en Pontevedra, empezaron con una bollo de Pascua... Una multitud ha llenado hoy las calles de Murcia para homenajear a su tierra. El Bando de la Huerta... Perderse un desfile le ha costado tres días de multa a una dama legionaria. Ocurrió el 8 de... El fotógrafo Jorge Armestar muestra el lado más íntimo de la fiesta del 'Jarramplas' de Piornal... Valencia sigue de fiesta y ha sido uno de los destinos estrella de la Semana Santa. En Cataluña,... El municipio de Arroyo de la Luz (Cáceres) ha celebrado este Lunes de Pascua su fiesta mayor, el... Islas Baleares, Cataluña, Comunidad Valenciana, Navarra y País Vasco son las cinco comunidades que tienen como festividad el Lunes de Pascua Este próximo 2 de abril no será laborable en Baleares, Cataluña, Comunidad Valenciana, Navarra y País Vasco Entre aplausos y ovaciones. Así han recibido centenares de personas a la Familia Real durante su... Férreo control policial hoy en Palma, en Mallorca, ante la participación de los Reyes de España... El Sábado Santo ha tenido como acto central la Procesión de la Soledad para celebrar la Vigilia... La Semana Santa sevillana continúa beneficiándose de un tiempo estable que permite a los más... El Jueves Santo, una de las jornadas más especiales de la Semana Santa de Málaga, estuvo... En Galicia ya tienen más que asumido que el sol brillará, pero por su ausencia. Mientras tanto en... A las tres de esta tarde arranca la segunda fase de la operación más importante de tráfico de... 05 MAYO anuario 04 ABRIL anuario El calendario laboral para 2018 recoge un total de 12 días festivos, de los que 10 se celebrarán de forma conjunta en toda EspañaConsulta aquí todos los festivos autonómicos, locales y nacionales para esta Semana SantaEsta festividad coincide con la tradición católica en países vecinos como Italia, aunque la idea de homenajear a los padres surge en España en 1948 a partir de una propuesta realizada por una maestra de Vallecas, Manuela Vicente FerreroEl Día del Padre es un festivo nacional, sin embargo, esto no quiere decir que en todas las regiones sea un día no laborable ni que se haga puenteEl año pasado cayó en domingo y la festividad fue pasada al lunes en Extremadura y Madrid11/03/2018 02:32h Javier González Navarro ComentarLa nueva a normativa solo permite abrir de forma continuada los domingos y festivos entre el 15 de junio y el primer domingo de enero de rebajas Los Reyes han llegado este jueves 23 de febrero a Ifema para la inauguración de la feria... Los Reyes inauguran la 37ª edición de la Feria Internacional de Arte Contemporáneo-ARCOmadrid,... Plantea durante el curso cuatro periodos de descansoEl ministro de Fomento, Íñigo de la Serna, ha anunciado este miércoles en la sesión de control en el Congreso que el Plan Estatal de Vivienda 2018-2021 entrará en vigor el día después de su publicación en el BOE.El Ayuntamiento de Santiago quiere cobrar a los turistas que estén de paso por la ciudad. De...En plebeyos o en guardián de los señores. En eso se convierte quien se visite de carvanal en...Iñigo Errejón bailando un chotis en las fiestas de San Isidro 2017Un joven de 28 años ha fallecido a causa de una paliza recibida durante las fiestas del carnaval...El carnaval más famoso del mundo, el de Brasil, ha vuelto a dejar imágenes de colorido, baile,...Ha llegado ese día del año en el que muchos disfrutan convirtiéndose en otros, dejando volar la...La comunidad registra 80.270 contratos, 8.739 más que en diciembre, de ellos 7.611 indefinidosDescubre qué pasos seguir para presentarte a la próxima convocatoria de empleo públicoLa pequeña Ayelén Pierchurowicz Lutzardo ha sido proclamada reina en la gran gala infantil del...", "title": "Calendario Laboral 2018", "url": "http://www.abc.es/sociedad/calendario-laboral/pag-2.html", "keywords": "Calendario Laboral 2018,noticias de Calendario Laboral 2018", "date": "2018-07-11", "id": "fe72f244c3f20a90139793157fb362acfc53dc64", "summary": "Descubre el calendario laboral 2018. Averigua cuántos días festivos hay en 2018 y cuando caerán los festivos nacionales, de tu comunidad autónoma, provinci Página 2"}