{"article": "George Clooney ingresó 239 millones de dólares (207 millones de euros) en los últimos doce meses, principalmente por la venta de su marca de tequila, lo que le convierte en el actor que más dinero ha ganado en un año, según publicó hoy la revista Forbes.La venta de Casamigos a la licorera Diageo le reportó al actor estadounidense un total de 233 millones de dólares (201 millones de euros) antes de impuestos que, sumados a las ganancias procedentes de sus antiguas películas y a otros negocios, lo catapultaron al número uno de la célebre lista.Con 124 millones (107 millones de euros), Dwayne Johnson, conocido como «The Rock», repitió en el segundo lugar gracias a taquillazos como «Jumanji: Bienvenidos a la jungla» y a su influencia en las redes sociales, que le permite negociar cuantiosos contratos promocionales.En el tercer y cuarto lugar se sitúan dos superhéroes de «Los Vengadores» que han participado en recientes entregas de Marvel: Robert Downey Jr. («Iron Man») logró 81 millones (70,2 millones de euros), mientras que Chris Hemsworth («Thor») se hizo con 64,5 millones (55,9 millones de euros).El quinto integrante de la lista es Jackie Chan, la mayor estrella china, que ganó 45,5 millones (39,4 millones de euros) por su trabajo como actor en seis estrenos de 2017 («Bleeding Steel» y «El extranjero», entre otros), pero también como productor y empresario de cines.En los siguientes cinco puestos figuran dos actores que han aprovechado el tirón de Netflix, Will Smith es sexto con 42 millones (36,4 millones de euros) y Adam Sandler octavo con 39,5 millones (34,2 millones de euros).Además de dos de Bollywood, Akshay Kumar, que es séptimo con 40,5 millones (35,1 millones de euros) y Salman Khan, noveno con 38,5 millones (33,3 millones de euros) y por último el \"Capitán América\", Chris Pine con 34 millones (29,4 millones de euros).Forbes llamó la atención sobre la diferencia salarial entre los actores y las actrices mejor pagados del mundo y mientras esos diez hombres acumularon 748,5 millones (648,7 millones de euros) las diez mujeres más exitosas del sector sumaron solo un cuarto, 186 millones (161,2 millones de euros). «Parte de la discrepancia se debe a la falta de oportunidades en series de larga duración o películas de acción que generan grandes sumas a priori y a posteriori», señala la revista, que señala cómo la brecha salarial de género se produce también entre millonarios.", "title": "George Clooney, el actor mejor pagado del año según Forbes", "url": "http://www.abc.es/play/cine/noticias/abci-falsa-2-201806201353_noticia.html", "keywords": "mejor,actor,pagado", "date": "2018-08-23", "id": "57c5e78aef35b70e87b8f4a297e21f88cb87872f", "summary": "La venta de Casamigos a la licorera Diageo le reportó al actor estadounidense un total de 233 millones de dólares (201 millones de euros)"}