{"article": "Al estilo de Madonna y Lady Gaga se celebrará la cumbre del 12 de junio en Singapur entre el presidente de Estados Unidos, Donald Trump, y el líder norcoreano Kim Jong-un. Ambos podrán jugar un partido de golf, meter un par de fichas en el casino, o darse un baño en la playa si necesitan tomarse una pausa de las tensas reuniones que se avecinan. Todo gracias a las instalaciones de El Capella, hotel escogido por las delegaciones de Estados Unidos y Corea del norte para celebrar la cumbre. Es un complejo de 12 hectáreas de superficie verde y frondosa en la isla Sentosa, donde suelen alojarse personas de la farándula atraídas por sus playas blancas de dos kilómetros, el parque temático Universal Studios Singapore, dos campos de golf, y un casino. En el hotel El Capella será el encuentro entre Kim y Trump Efe Singapur El complejo hotelero diseñado por el británico Norman Foster tiene 112 habitaciones y chalés. La reserva de espacios estará bloqueada hasta el 15 de junio por la cumbre, y su precio oscila entre los 500 y 7.500 dólares la noche. Sentosa es conocida como la isla de paz y tranquilidad, pero en el periodo colonial británico era un feudo de piratas, y cuando pasó a mano de los japoneses fue una cárcel a cielo abierto. Nada que ver con lo que es hoy la lujosa isla de la que ha disfrutado la reina del pop, y ahora recibirá a Trump y Kim. Las delegaciones de ambos países también disfrutarán del lujo. La estadounidense se hospedará en el hotel Shangri-La, y la norcoreana en el St. Regis. Hay incógnitas sobre quién pagará las cuentas de los funcionarios de Corea del Norte, cuya economía no está en su mejor momento. Playas de Sentosa Hanson Lu Unsplash Singapur Hay paisajes para todos los gustos. El 70% de la isla está cubierta por selvas, donde conviven monos, lagartos, pavos reales y loros. Lujosos yates de famosos pasean por sus playas con frecuencia. Solo hay una carretera elevada de 710 metros y un teleférico que unen a Sentosa con Singapur, lo que hará más fácil cumplir con las medidas de seguridad que exigen ambas delegaciones. Las autoridades de Singapur emitieron una orden pública para designar la zona como \"área para eventos especiales\" del 10 al 14 de junio, ambos inclusive. Dentro de la isla habrá controles estrictos de seguridad para personas y vehículos. Comerciantes de la isla aprovechan el encuentro para incrementar las ventas Reuters Media En Singapur, las protestas públicas son poco comunes porque el gobierno las tiene que autorizar. Además, es considerado un territorio neutral por los vínculos comerciales que mantiene con ambos países. La isla se beneficiará de los miles de periodistas y oficiales que asistirán a la cumbre. No habrá vendedores ambulantes de camisetas de Trump y Kim, por las regulaciones de la ciudad, pero los comerciantes han encontrado formas de aprovechar la ocasión. Stan Sri Ganesh, propietario de Escobar Bistro, creó el Trump, un cóctel en base a bourbon, y el Kim, un chupito de soju (licor típico de Singapur) para satisfacer al público internacional que llegará en los próximos días.", "title": "Así es el hotel-fortaleza de 5 estrellas que alojará a Kim y Trump en Singapur", "url": "https://www.elespanol.com/mundo/asia/20180608/hotel-fortaleza-estrellas-alojara-kim-trump-singapur/313469565_0.html", "keywords": "Kim Jong-Un,Asia,Donald Trump,Singapur", "date": "2018-07-10", "id": "41c26e7737b0cf2bb9db5bc6429242fdfbcb53e1", "summary": "Dos campos de golf, un parque de atracciones y un casino completan el complejo donde tendrá lugar la histórica cumbre.  \n "}