{"article": "Tipo: Privado. Formación: Educación Infantil, Primaria, Secundaria y Bachillerato. Alumnos: 1.357 Profesores: 128 El colegio Manuel Peleteiro de Santiago de Compostela es un centro de enseñanza privado sin vinculación religiosa ni política que, fundado en 1951, imparte enseñanzas desde Educación Infantil hasta Bachillerato, incluyendo además la modalidad Internacional. “No sólo nos preocupa el aspecto académico, también consideramos vital el proceso de adaptación de cada alumno en particular”, aseguran desde el colegio. A lo largo de las diferentes etapas educativas, perciben al estudiante “como ser individual, con características personales y formas de aprender distintas y en la potenciación de todas las inteligencias”. Así, desarrollan una metodología activa que fomenta en el alumno “una actitud curiosa, crítica e investigadora la cual gracias a su trabajo personal se convierte en la base de su formación”. Además, desde el claustro se favorece que los alumnos apliquen su iniciativa y creatividad a la resolución de problemas, a la vez que se fomenta su espíritu de cooperación y trabajo en equipo.", "title": "Manuel Peleteiro (A Coruña)", "url": "https://www.elespanol.com/sociedad/educacion/mejores-colegios/2017/galicia/20170324/203230206_0.html", "keywords": "Mejores colegios de Galicia,Galicia,Colegios,A Coruña", "date": "2018-09-18", "id": "ce815b0b4b44a07f7a4f26600076b4edc51d5eeb", "summary": "Desde este centro consideran vital el proceso de adaptación de cada alumno en particular. "}