{"article": "Campaña en marcha. A ritmo de marcha... Imperial, como la banda sonora de la saga cinematográfica de la Guerra de las Galaxias. Así, tarareándola, ha ironizado Pablo Iglesias para describir la aparición de José María Aznar. Lo hizo ayer en Alicante ante 5.000 personas, con mensajes directos al PP, pero también al resto de partidos utilizando la metáfora del gato y el ratón, la misma que ya empleó en 1944 el activista británico Tommy Douglas pero adaptada al contexto actual de la política española. En el último domingo de campaña Albert Rivera ha estado en Madrid, donde promete volver el 24-M para seguir los resultados electorales. Desde la capital ha pedido el voto para su formación, para que se pueda dar, dice, el cambio real en las instituciones. En Valencia, por su parte, ha estado el líder de Izquierda Unida, Alberto Garzón, que vislumbra un efecto dominó a nivel nacional si se produce un cambio en el gobierno de esa comunidad, hasta ahora en manos del Partido Popular. Pronósticos a medio plazo que también hace en Cataluña ERC, tanto en las municipales como en las elecciones a la Generalitat el 27 de septiembre. Comicios en los que esperan que la opción mayoritaria sea la del \"Sí\" por la independencia.", "title": "Elecciones Alemania 2013", "url": "http://www.abc.es/elecciones/elecciones-alemania-2013/", "keywords": "noticias de Elecciones Alemania 2013,Elecciones Alemania 2013", "date": "2018-12-07", "id": "30e7c4879cc5511a8c9b3428533814b05b063369", "summary": "La información más completa de Elecciones Alemania 2013 en ABC.es. Descubre las últimas noticias, fotografías y vídeos sobre Elecciones Alemania 2013 ¡Te contamos las últimas novedades!"}