{"article": "En primavera y verano 10 minutos de exposición al sol son suficientes para mantener un buen nivel de vitamina D en nuestro organismo. Tomar el sol, siempre con la debida protección y asumiendo algunas precauciones, es una buena forma de reducir la presión arterial y mejorar el tratamiento de diversas patologías. Por todo ello, te puedes hacer con esta tumbona, perfecta para estos días de sol. Es plegable, tiene un bastidor resistente y de secado rápido y cuenta con un parasol ajustable para la cara y la parte superior del cuerpo. Cuenta también con diferentes posiciones y con un reposacabezas muy práctico y cómodo. Todo ello, con un 22% de descuento. Si quieres ver más ofertas en artículos para tu jardín pulsa aquí. Este es un contenido elaborado por Marcas Ñ, la sección de Branded Content de El Español. Los precios de los artículos que aquí aparecen están recogidos a 11 de mayo de 2018.", "title": "Disfruta del sol con esta tumbona con descuento", "url": "https://www.elespanol.com/corazon/estilo/20180509/disfruta-sol-tumbona-descuento/305969845_0.html", "keywords": "Amazon,Branded Content,Ocio,Jardines,El producto del día,Marcas Ñ", "date": "2018-07-09", "id": "991d35ac39f3427752d9be9db0ba3f47144829cd", "summary": "Da igual que tengas jardín o terraza, puedes disfrutar del buen tiempo con esta tumbona con un descuento del 22%. Es plegable, resistente y tiene gran calidad."}