{"article": "Actualizado:28/09/2018 00:30hLa combinación ganadora de la Primitiva del jueves, 27 de septiembre de 2018: 04, 10, 17, 18, 21, 42, el número complementario es el 45 y el reintegro el 7.El número premiado en el sorteo del Joker es el 0248351 premiado con 1 millón de euros.De domingo a jueves podrás jugar para el sorteo de La Primitiva del jueves o para los dos sorteos de la semana (jueves y sábado) mediante la elección de apuesta “Semanal”. Recuerda que de viernes a sábado solo podrás apostar para el sorteo de La Primitiva del sábado. Los sorteos se realizan los jueves y sábados a las 21:40 horas en el Salón de Sorteos de Loterías y Apuestas del Estado situado en la calle Capitán Haya número 53.Y desde hace muy poco tiempo por solo un euro, tendrás la posibilidad de conseguir 1 millón de euros adicionales con el sorteo asociado de El Joker. El método de juego de La Primitiva consiste en escoger 6 cifras diferentes entre 1 y 49, para así intentar adivinar la Combinación Ganadora en el sorteo correspondiente, formada por 6 bolas de las 49 que se sacan del bombo (modalidad comúnmente conocida como 6/49). También se saca una bola extra como número complementario, y otra bola de un bombo diferente, entre el 0 y el 9, que hace de reintegro. Para ganar el mayor premio (BOTE) hay que acertar los 6 números más el reintegro.", "title": "Combinación ganadora del sorteo de la Primitiva del jueves, 27 de septiembre de 2018", "url": "http://www.abc.es/loterias/euromillones/abci-resultado-sorteo-euromillones-viernes-25-mayo-2018-201805252203_noticia.html", "keywords": "combinacion,ganadora,sorteo,primitiva,jueves", "date": "2018-09-27", "id": "5603eccd15f75706b01f06bd1e35ad400fe7153e", "summary": "Descubre si has sido agraciado con la combinación ganadora del Sorteo de la Primitiva del jueves, 27 de septiembre de 2018 ¡Mucha suerte!"}