{"article": "Ahora que ya bailas, de Miguel Gane y la editorial Verso & Cuento, es la historia de Ella pero, en realidad, es la historia de muchas. Los poemas de Gane hablan sobre la vida, el aprendizaje y la ruptura. Trata del amor y las cosas que se aprenden tras salir de un ambiente tóxico. El resurgir de una mujer más fuerte, más poderosa, más 'ella' que nunca. Esta es la segunda obra de Miguel Gane que, tras 'Con tal de verte volar', nos trae esta nueva propuesta, un poemario que aborda sentimientos muy profundos y que os ofrecemos para celebrar el Día Mundial de la Poesía. Si quieres conocer más libros de poesía puedes verlos en este enlace. Este es un contenido elaborado por Marcas Ñ, la sección de Branded Content de El Español. Los precios de los artículos que aquí aparecen están recogidos a 21 de marzo de 2018.", "title": "Celebra el Día Mundial de la Poesía con 'Ahora que ya bailas', de Miguel Gane", "url": "https://www.elespanol.com/corazon/estilo/20180321/celebra-dia-mundial-poesia-ahora-miguel-gane/293721176_0.html", "keywords": "Branded Content,Ocio,Poesía,El producto del día,Marcas Ñ", "date": "2018-07-06", "id": "7b29007715e84a2aa53eb712b07f2d9a1bb85980", "summary": "Te ofrecemos una historia de amor propio contada a través de poemas para el Día Mundial de la Poesía."}