{"article": "Los han lucido famosas como Eva González, Blanca Suárez o a la mismísima Reina Letizia en la polémica misa de Pascua de Palma. Los lunares son tendencia, sin duda alguna, y no nos extraña, ya que son alegres, muy combinables y versátiles. Este estampado sirve tanto para un look casual como algo más arreglado y todas las tiendas ya lo tienen en sus prendas (hasta en los zapatos). Ahora tú puedes sumarte a esta moda con esta camisa de lunares negros con fondo blanco. Es de manga larga con cuello inglés y su tejido 100% viscosa es perfecto para esta época del año. Es versátil y muy bonita. Si quieres ver más moda de mujer para esta primavera puedes hacerlo aquí. Otros productos del día: Este es un contenido elaborado por Marcas Ñ, la sección de Branded Content de El Español. Los precios de los artículos que aquí aparecen están recogidos a 12 de abril de 2018.", "title": "Llena de lunares tu primavera con esta camisa", "url": "https://www.elespanol.com/corazon/estilo/20180410/llena-lunares-primavera-camisa/298720640_0.html", "keywords": "Branded Content,Camisas,El producto del día,Moda,Marcas Ñ", "date": "2018-07-06", "id": "d450f3a3c90bb62b879f582d086f6f85cb8d8ad5", "summary": "Una de las tendencias esta primavera son los lunares: en la ropa, en los complementos y hasta en los zapatos. Puedes ir a la moda con esta camisa de lunares, que es perfecta para cualquier ocasión."}